'UID', 'Smelly Rules', 'Additional Infos'
'b42afae5-c7f7-4e17-ab39-19db0c60ac0f', '[8]', ''
'e1b2657f-898b-48cb-aead-ce65915f9fca', '[8]', ''
'65d03b2e-9953-4b70-8c69-520f61be6c34', '[8]', ''
'de2eeab7-3564-4cfb-9c43-a90fae607f59', '[8]', ''
'bedb130b-4819-4d71-bd9a-4d4a127ead88', '[8]', ''
'd9174fa9-f9de-4f32-9147-c0f76ea9403c', '[9]', ''
'feabedba-63f3-4c3b-a7ad-fcb5dd10b6fd', '[9]', ''
'9f8c0829-1ecf-42e3-9087-8d8a3fc6d049', '[9]', ''
'd98ae2d1-4504-42b8-b4de-79fd28a8c082', '[9]', ''
'c15ceebf-0430-47ed-a1f6-9607f246a4d9', '[9]', ''
'4517d647-dc4e-443e-a21f-316eee7b6f30', '[9]', 'error'
'607bf2e1-8f86-4825-8ce0-56856f4996fe', '[9]', 'error'
'34ead819-3ca2-493d-8c7f-08bcce6fc3d2', '[10]', ''
'ed22508d-7c57-44ec-acfd-6031f56aaa8e', '[10]', ''
'9dcdae93-290c-4ab7-8413-f070c91c9166', '[10]', ''
'1a05c81a-eaa9-4423-ad48-38570f87bd28', '[10]', ''
'c5aae6f4-7e47-433b-8437-f3cf33aa2d28', '[10]', ''
'91666517-8fd0-42b0-b332-26993ac7c8bb', '[10]', 'error'
'58a8e77b-53b1-43e9-8d36-1c17d9253713', '[11]', ''
'82654781-543c-45d1-b98b-4efd4b7004ea', '[11]', ''
'5dd3e151-8578-4c65-babf-40f63e490273', '[11]', ''
'76041ef1-7b11-42b3-a37d-a6db9d97fc52', '[11]', ''
'4b7efc85-751a-4858-848d-c0a484560072', '[11]', ''
'2fec4ce7-1125-4b37-ab32-89d8c8f11185', '[14]', ''
'4cd9ad12-c761-455f-b361-ce5fe83214a0', '[14]', ''
'694611ee-35b4-4ab8-b23d-b1fb1d378495', '[14]', ''
'7756a125-5929-476c-bd1c-43efbcb1d07d', '[14]', ''
'29f1bf9d-e3cb-456c-bd14-ef2e8be44223', '[14]', ''
'7834e33c-8e68-4014-a92d-fcd2795f6017', '[15]', ''
'15c0dbba-132a-427f-9546-66a2adcd39e4', '[15]', ''
'1fddff74-2cc3-4389-acee-323089b83e6f', '[15]', ''
'41a5dd39-73c3-4e1b-acbc-04ba532b798e', '[15]', ''
'bdde886c-b1b4-4eeb-8052-e9fcef217309', '[15]', ''
'1596fb65-b1a7-4bd0-8ae3-962ce62ead07', '[16]', ''
'f04b8a5b-5e98-4e70-b46d-2e786d3021bc', '[16]', ''
'd0028e06-7747-40f1-a7d1-32ec3b2139fe', '[16]', ''
'b11c12d1-77ee-4edc-8ed8-a6bb654741d1', '[16]', ''
'1c3ec735-a441-48d2-929c-5222d5390c42', '[16]', ''
'032365cd-918f-4c4d-a969-4234dc561a1d', '[16]', 'error'
'0198b696-11b8-46e5-a95a-d7ee3d6be96a', '[16]', 'error'
'3a0701e2-9395-46af-abe3-3dcb6927b03f', '[17]', ''
'0d46a42a-b370-4089-a19b-e86b33e3edee', '[17]', ''
'77180e00-7774-4283-8040-c51b0e6e443e', '[17]', ''
'7e18b935-7537-4b0d-bcf1-7d550f679996', '[17]', ''
'b6b4733d-fff7-40ce-8163-4088ab49674d', '[17]', ''
'28fb594f-5082-42a6-8abf-7ccccb764572', '[18]', ''
'12100c2b-5280-48aa-b43e-449f94ab8667', '[18]', ''
'c7a0f58b-1079-428e-ab6b-d2d981f16538', '[18]', ''
'731bae2a-941b-4587-82a1-447d30ff001a', '[18]', ''
'b9319b6d-8dd0-4047-ada1-8177b83f5c41', '[18]', ''
'5be0f6a6-bdf3-4c3b-bee5-1e2eba324605', '[19]', ''
'b97114f2-8932-4e9f-b929-423fb0025521', '[19]', ''
'ac2cb8f9-e787-4b42-968d-9138684a73e8', '[19]', ''
'ceda3d8b-8717-4f4c-8d00-7f399eb14859', '[19]', ''
'c9cfbc6b-0ba1-44da-b2d4-dd7dac66ed51', '[19]', ''
'74918ec8-4f4d-4ee8-bbcc-925ecb34548e', '[20]', ''
'c1fa955e-9bb1-4e0a-b869-a3b55b3d85e1', '[20]', ''
'8c3e15ac-8263-4099-8c00-aed567e86926', '[20]', ''
'ce0ea558-6267-4901-8153-874ff04e4972', '[20]', ''
'539cc95d-fd4f-44ef-9a3e-a785c5bc8b83', '[20]', ''
'4223f2c8-efaa-4fed-bd85-c741e8134ee0', '[21]', ''
'3bee9da9-5e07-4dc7-ab4f-586b76009a41', '[21]', ''
'31e0e3b2-3510-441d-b9b6-d68c16abd665', '[21]', ''
'cb0cc79c-2133-4d7a-bada-7b4dea96dbf5', '[21]', ''
'2e5fd917-e950-48bd-9a07-470bc3ef34fd', '[21]', ''
